Mix_Design,Total_Batches,Strength_Pass_Rate,Avg_28d_Strength,Avg_Strength_Margin,Slump_Out_of_Spec_Rate
C25,274,7956.204379562044,26.375547445255474,1.3755474452554743,693.4306569343065
C30,259,7683.397683397683,31.50810810810811,1.5081081081081082,926.6409266409265
C40,267,7378.277153558052,42.28389513108614,2.283895131086142,823.9700374531834
